name,default,speed
Mermaid,361501f403e8,0
Tranquil,3801006403e8,1
Winter Wonderland,300101f403e8,1
Bubbly,3301012c03e8,1
Mardi Gras,060c01f403e8,0
Love,0701012c03e8,1
Rainbow,0301012c03e8,1
Clover,0900006403e8,0
Spring,0a00012c03e8,0
July 4th,040c012c03e8,0
Fall,080500c803e8,1
Witches' Brew,100900c803e8,1
Frankenstein,110e01f403e8,1
Halloween,020f01f403e8,1
Candy Cane,310d01f403e8,1
Classic Christmas,3205012c03e8,1
Christmas,0505012c03e8,1
Stata's Helper,3a15012c03e8,0
Tropical Vibes,3912019003e8,1
Fiesta Glow,4005019003e8,1
High Tide,340400c803e8,1
Cosmic,3504012c03e8,1
Aurora,371301f403e8,1
Chroma,3b0501f403e8,1
Solar Flare,3c0901f403e8,1
Hero,3d0b032003e8,1
Pop Art,3e04012c03e8,1
Stormy Night,3f14032003e8,1
Welcome Home Warm White,9d00000003e8,0
Welcome Home Cool White,9e00000003e8,0
Welcome Home Daylight White,9f00000003e8,0
Security Warm White,a000000003e8,0
Security Cool White,a100000003e8,0
Security Daylight,a200000003e8,0
Safeguard Warm White,a300000003e8,0
Safeguard Cool White,a400000003e8,0
Safeguard Daylight,a500000003e8,0
Red/Gold,6b0c000003e8,0
Red/White,6c0c000003e8,0
Red/Blue,6d0c000003e8,0
Red/Silver,6e0c000003e8,0
Blue/Gold,6f0c000003e8,0
Blue/White,700c000003e8,0
Blue/Silver,710c000003e8,0
Blue/Orange,720c000003e8,0
Blue/Yellow,730c000003e8,0
Green/Gold,740c000003e8,0
Green/White,750c000003e8,0
Green/Blue,760c000003e8,0
Green/Silver,770c000003e8,0
Green/Orange,780c000003e8,0
Green/Yellow,790c000003e8,0
Purple/Gold,7a0c000003e8,0
Purple/White,7b0c000003e8,0
Purple/Silver,7c0c000003e8,0
Purple/Yellow,7d0c000003e8,0
Purple/Teal,7e0c000003e8,0
Orange/White,7f0c000003e8,0
